account_id,district_id,frequency,date
1,18,"POPLATEK MESICNE",1995-03-24
2,1,"POPLATEK MESICNE",1993-02-26
3,5,"POPLATEK MESICNE",1997-07-07
4,12,"POPLATEK MESICNE",1996-02-21
5,15,"POPLATEK MESICNE",1997-05-30
6,51,"POPLATEK MESICNE",1994-09-27
7,60,"POPLATEK MESICNE",1996-11-24
8,57,"POPLATEK MESICNE",1995-09-21
9,70,"POPLATEK MESICNE",1993-01-27
10,54,"POPLATEK MESICNE",1996-08-28
11,76,"POPLATEK MESICNE",1995-10-10
12,21,"POPLATEK MESICNE",1997-04-15
13,76,"POPLATEK MESICNE",1997-08-17
14,47,"POPLATEK MESICNE",1996-11-27
15,70,"POPLATEK MESICNE",1993-10-02
16,12,"POPLATEK MESICNE",1997-09-23
17,1,"POPLATEK MESICNE",1997-01-08
18,43,"POPLATEK TYDNE",1993-05-26
19,21,"POPLATEK MESICNE",1995-04-07
20,74,"POPLATEK MESICNE",1996-08-24
21,54,"POPLATEK MESICNE",1997-12-06
22,1,"POPLATEK MESICNE",1994-03-23
23,30,"POPLATEK MESICNE",1993-05-22
24,74,"POPLATEK MESICNE",1996-12-05
25,68,"POPLATEK MESICNE",1996-07-28
26,52,"POPLATEK MESICNE",1993-08-08
27,73,"POPLATEK MESICNE",1993-09-26
29,7,"POPLATEK MESICNE",1994-11-24
30,36,"POPLATEK MESICNE",1995-03-04
31,68,"POPLATEK MESICNE",1994-04-27
32,5,"POPLATEK MESICNE",1995-08-28
33,22,"POPLATEK MESICNE",1993-08-26
34,67,"POPLATEK TYDNE",1993-09-17
35,75,"POPLATEK MESICNE",1993-07-07
36,1,"POPLATEK MESICNE",1993-07-01
37,20,"POPLATEK MESICNE",1997-08-18
38,19,"POPLATEK TYDNE",1997-08-08
39,36,"POPLATEK MESICNE",1993-09-22
40,64,"POPLATEK MESICNE",1993-10-25
41,72,"POPLATEK MESICNE",1997-08-02
42,39,"POPLATEK MESICNE",1996-08-16
43,36,"POPLATEK MESICNE",1994-06-12
44,32,"POPLATEK MESICNE",1993-05-10
45,64,"POPLATEK MESICNE",1997-09-02
47,45,"POPLATEK MESICNE",1993-08-08
48,21,"POPLATEK MESICNE",1996-11-17
49,1,"POPLATEK MESICNE",1997-04-06
50,1,"POPLATEK MESICNE",1994-05-06
51,67,"POPLATEK MESICNE",1996-05-11
52,16,"POPLATEK MESICNE",1997-01-29
53,77,"POPLATEK MESICNE",1995-06-07
54,4,"POPLATEK MESICNE",1995-05-02
55,20,"POPLATEK MESICNE",1996-02-19
56,50,"POPLATEK MESICNE",1994-05-16
57,1,"POPLATEK MESICNE",1995-05-21
58,29,"POPLATEK MESICNE",1996-08-23
59,43,"POPLATEK MESICNE",1994-03-27
61,70,"POPLATEK MESICNE",1993-12-11
62,47,"POPLATEK MESICNE",1993-03-28
63,22,"POPLATEK MESICNE",1996-11-16
64,64,"POPLATEK MESICNE",1997-03-11
65,36,"POPLATEK MESICNE",1996-10-29
66,48,"POPLATEK PO OBRATU",1993-12-03
67,16,"POPLATEK MESICNE",1994-10-19
68,37,"POPLATEK PO OBRATU",1994-12-20
69,64,"POPLATEK MESICNE",1996-01-12
70,8,"POPLATEK MESICNE",1995-02-18
71,1,"POPLATEK MESICNE",1994-03-05
72,1,"POPLATEK TYDNE",1996-06-20
73,72,"POPLATEK MESICNE",1993-11-08
75,1,"POPLATEK MESICNE",1995-08-13
76,52,"POPLATEK MESICNE",1996-05-16
77,63,"POPLATEK MESICNE",1996-11-19
78,74,"POPLATEK MESICNE",1993-07-07
79,3,"POPLATEK MESICNE",1996-11-29
80,43,"POPLATEK MESICNE",1995-09-27
81,74,"POPLATEK MESICNE",1996-07-18
82,26,"POPLATEK MESICNE",1994-05-03
83,26,"POPLATEK MESICNE",1993-04-16
84,44,"POPLATEK PO OBRATU",1995-12-25
85,68,"POPLATEK MESICNE",1997-03-23
86,54,"POPLATEK MESICNE",1993-03-07
88,31,"POPLATEK MESICNE",1996-07-03
89,68,"POPLATEK MESICNE",1997-09-25
90,1,"POPLATEK MESICNE",1994-07-13
91,17,"POPLATEK MESICNE",1996-11-06
93,2,"POPLATEK MESICNE",1996-06-12
95,1,"POPLATEK MESICNE",1995-03-30
96,68,"POPLATEK MESICNE",1993-02-18
97,74,"POPLATEK MESICNE",1996-05-05
98,55,"POPLATEK MESICNE",1997-05-02
99,1,"POPLATEK MESICNE",1995-06-27
100,41,"POPLATEK MESICNE",1993-12-28
101,35,"POPLATEK MESICNE",1996-04-16
102,11,"POPLATEK MESICNE",1993-10-16
103,44,"POPLATEK MESICNE",1996-03-10
104,37,"POPLATEK MESICNE",1993-04-15
105,21,"POPLATEK MESICNE",1997-07-10
106,63,"POPLATEK MESICNE",1994-11-27
107,64,"POPLATEK MESICNE",1993-11-05
108,53,"POPLATEK MESICNE",1995-03-10
109,53,"POPLATEK MESICNE",1997-04-20
110,36,"POPLATEK MESICNE",1996-07-17
112,6,"POPLATEK MESICNE",1993-03-12
113,55,"POPLATEK MESICNE",1996-07-22
114,60,"POPLATEK MESICNE",1997-03-14
115,68,"POPLATEK MESICNE",1993-03-19
116,8,"POPLATEK MESICNE",1996-03-21
117,31,"POPLATEK MESICNE",1993-09-05
118,68,"POPLATEK MESICNE",1997-09-18
119,27,"POPLATEK MESICNE",1993-05-25
120,65,"POPLATEK TYDNE",1995-06-16
121,55,"POPLATEK MESICNE",1997-10-11
122,31,"POPLATEK MESICNE",1996-10-30
123,21,"POPLATEK MESICNE",1993-03-13
124,55,"POPLATEK MESICNE",1997-12-28
125,2,"POPLATEK PO OBRATU",1996-09-07
126,5,"POPLATEK MESICNE",1993-10-23
127,29,"POPLATEK MESICNE",1994-02-02
128,2,"POPLATEK MESICNE",1993-02-19
129,74,"POPLATEK MESICNE",1997-10-01
130,54,"POPLATEK MESICNE",1997-02-12
131,52,"POPLATEK MESICNE",1995-06-13
132,40,"POPLATEK PO OBRATU",1996-05-11
133,64,"POPLATEK TYDNE",1997-10-11
134,34,"POPLATEK MESICNE",1997-12-10
135,75,"POPLATEK MESICNE",1993-06-15
136,74,"POPLATEK MESICNE",1996-05-14
137,70,"POPLATEK MESICNE",1996-07-19
138,22,"POPLATEK MESICNE",1995-09-19
139,38,"POPLATEK TYDNE",1997-05-15
140,24,"POPLATEK MESICNE",1996-06-25
141,38,"POPLATEK MESICNE",1996-03-06
142,51,"POPLATEK MESICNE",1993-02-15
143,21,"POPLATEK MESICNE",1996-11-27
144,10,"POPLATEK TYDNE",1997-04-03
145,31,"POPLATEK MESICNE",1996-01-03
146,4,"POPLATEK MESICNE",1993-09-02
148,8,"POPLATEK MESICNE",1993-06-21
149,43,"POPLATEK MESICNE",1997-11-16
150,73,"POPLATEK MESICNE",1995-03-16
151,76,"POPLATEK MESICNE",1993-09-06
152,1,"POPLATEK MESICNE",1996-04-12
153,77,"POPLATEK MESICNE",1993-09-19
154,46,"POPLATEK MESICNE",1994-06-21
155,58,"POPLATEK MESICNE",1995-11-07
156,64,"POPLATEK MESICNE",1997-10-22
157,11,"POPLATEK MESICNE",1997-03-28
158,37,"POPLATEK MESICNE",1995-03-15
159,70,"POPLATEK MESICNE",1997-02-11
160,23,"POPLATEK MESICNE",1993-09-04
161,28,"POPLATEK MESICNE",1994-07-04
162,60,"POPLATEK MESICNE",1993-08-25
163,30,"POPLATEK MESICNE",1993-01-27
164,60,"POPLATEK MESICNE",1996-09-13
165,25,"POPLATEK MESICNE",1993-06-01
166,17,"POPLATEK MESICNE",1996-08-20
167,29,"POPLATEK TYDNE",1996-02-26
168,31,"POPLATEK MESICNE",1993-04-27
169,4,"POPLATEK MESICNE",1995-09-28
170,59,"POPLATEK MESICNE",1996-07-02
171,46,"POPLATEK MESICNE",1996-06-08
172,13,"POPLATEK MESICNE",1993-08-30
173,66,"POPLATEK MESICNE",1993-11-26
174,52,"POPLATEK MESICNE",1996-09-04
176,71,"POPLATEK TYDNE",1996-08-12
177,1,"POPLATEK MESICNE",1997-09-26
178,59,"POPLATEK MESICNE",1997-09-06
179,1,"POPLATEK TYDNE",1997-09-22
180,55,"POPLATEK TYDNE",1993-12-14
181,21,"POPLATEK MESICNE",1996-06-11
182,47,"POPLATEK MESICNE",1996-08-24
183,43,"POPLATEK MESICNE",1993-12-12
184,77,"POPLATEK MESICNE",1996-02-21
185,32,"POPLATEK MESICNE",1997-07-04
186,1,"POPLATEK TYDNE",1993-07-29
187,5,"POPLATEK MESICNE",1993-03-28
188,54,"POPLATEK MESICNE",1993-04-20
189,76,"POPLATEK MESICNE",1997-04-16
190,74,"POPLATEK MESICNE",1995-03-02
191,41,"POPLATEK MESICNE",1997-03-17
192,55,"POPLATEK MESICNE",1993-01-08
193,69,"POPLATEK MESICNE",1996-12-22
194,44,"POPLATEK MESICNE",1996-08-01
195,70,"POPLATEK MESICNE",1997-02-27
196,4,"POPLATEK MESICNE",1993-11-14
197,1,"POPLATEK MESICNE",1993-02-25
198,70,"POPLATEK MESICNE",1993-10-25
199,70,"POPLATEK MESICNE",1996-10-26
200,17,"POPLATEK MESICNE",1994-07-03
201,63,"POPLATEK MESICNE",1994-11-02
204,67,"POPLATEK MESICNE",1996-01-13
205,1,"POPLATEK MESICNE",1997-10-08
206,61,"POPLATEK MESICNE",1995-04-08
207,2,"POPLATEK MESICNE",1993-07-25
208,54,"POPLATEK MESICNE",1996-03-27
209,37,"POPLATEK MESICNE",1996-11-24
210,48,"POPLATEK MESICNE",1996-03-17
211,28,"POPLATEK MESICNE",1997-07-19
212,27,"POPLATEK TYDNE",1993-01-20
213,73,"POPLATEK MESICNE",1995-08-29
214,22,"POPLATEK MESICNE",1997-03-09
215,31,"POPLATEK MESICNE",1997-11-25
216,38,"POPLATEK MESICNE",1994-05-16
217,77,"POPLATEK MESICNE",1995-01-20
218,68,"POPLATEK MESICNE",1996-02-06
219,28,"POPLATEK MESICNE",1995-09-06
220,72,"POPLATEK MESICNE",1993-04-09
221,19,"POPLATEK MESICNE",1996-10-30
222,37,"POPLATEK MESICNE",1993-03-15
223,39,"POPLATEK MESICNE",1995-06-13
224,15,"POPLATEK MESICNE",1996-10-27
225,1,"POPLATEK MESICNE",1993-07-28
226,70,"POPLATEK MESICNE",1997-02-23
227,27,"POPLATEK MESICNE",1995-03-28
228,5,"POPLATEK MESICNE",1993-09-28
229,1,"POPLATEK MESICNE",1997-06-07
230,1,"POPLATEK MESICNE",1996-02-26
231,22,"POPLATEK MESICNE",1995-04-03
232,45,"POPLATEK MESICNE",1997-11-29
234,73,"POPLATEK MESICNE",1993-07-15
235,41,"POPLATEK MESICNE",1993-10-06
236,72,"POPLATEK MESICNE",1996-03-16
237,50,"POPLATEK MESICNE",1994-03-25
238,6,"POPLATEK MESICNE",1993-08-15
239,69,"POPLATEK TYDNE",1993-03-01
240,72,"POPLATEK MESICNE",1997-04-28
241,15,"POPLATEK MESICNE",1996-09-29
242,69,"POPLATEK MESICNE",1996-08-29
243,55,"POPLATEK TYDNE",1993-11-06
244,24,"POPLATEK MESICNE",1993-02-08
245,65,"POPLATEK MESICNE",1993-11-25
246,65,"POPLATEK MESICNE",1997-12-20
248,1,"POPLATEK MESICNE",1995-04-02
249,28,"POPLATEK MESICNE",1996-12-03
250,56,"POPLATEK MESICNE",1997-05-10
251,74,"POPLATEK MESICNE",1996-04-06
252,19,"POPLATEK MESICNE",1996-12-26
253,46,"POPLATEK MESICNE",1995-12-05
255,68,"POPLATEK MESICNE",1996-11-03
256,37,"POPLATEK MESICNE",1995-05-14
257,11,"POPLATEK MESICNE",1995-11-05
258,64,"POPLATEK MESICNE",1997-07-09
259,2,"POPLATEK MESICNE",1993-10-28
260,24,"POPLATEK MESICNE",1995-10-14
261,54,"POPLATEK MESICNE",1996-10-07
262,75,"POPLATEK MESICNE",1996-01-27
263,64,"POPLATEK TYDNE",1997-01-03
264,15,"POPLATEK MESICNE",1996-02-09
265,19,"POPLATEK MESICNE",1996-07-05
266,47,"POPLATEK MESICNE",1994-05-11
267,38,"POPLATEK MESICNE",1995-04-26
268,3,"POPLATEK MESICNE",1996-05-29
269,3,"POPLATEK MESICNE",1996-08-30
270,27,"POPLATEK MESICNE",1995-01-23
271,1,"POPLATEK MESICNE",1996-08-13
272,11,"POPLATEK MESICNE",1996-10-23
273,24,"POPLATEK PO OBRATU",1993-07-11
274,76,"POPLATEK MESICNE",1993-08-20
275,29,"POPLATEK MESICNE",1996-01-02
276,38,"POPLATEK MESICNE",1997-12-08
277,32,"POPLATEK PO OBRATU",1994-05-01
278,73,"POPLATEK MESICNE",1996-04-08
279,39,"POPLATEK MESICNE",1993-04-14
280,25,"POPLATEK MESICNE",1993-01-23
281,1,"POPLATEK MESICNE",1996-10-27
282,69,"POPLATEK MESICNE",1997-05-12
283,44,"POPLATEK MESICNE",1996-04-18
284,54,"POPLATEK MESICNE",1997-07-18
285,17,"POPLATEK MESICNE",1995-05-08
286,71,"POPLATEK MESICNE",1996-03-27
287,16,"POPLATEK MESICNE",1993-10-27
288,25,"POPLATEK MESICNE",1995-03-18
289,1,"POPLATEK MESICNE",1994-03-17
290,56,"POPLATEK MESICNE",1993-12-02
291,7,"POPLATEK MESICNE",1997-06-08
292,49,"POPLATEK MESICNE",1997-02-26
293,1,"POPLATEK MESICNE",1997-05-04
294,7,"POPLATEK MESICNE",1997-01-05
295,66,"POPLATEK MESICNE",1997-11-23
296,49,"POPLATEK MESICNE",1996-02-14
297,74,"POPLATEK MESICNE",1996-09-08
298,35,"POPLATEK MESICNE",1997-12-02
299,77,"POPLATEK MESICNE",1993-04-05
300,1,"POPLATEK MESICNE",1993-06-23
301,60,"POPLATEK MESICNE",1995-09-10
302,7,"POPLATEK MESICNE",1996-05-09
303,71,"POPLATEK MESICNE",1996-07-25
304,4,"POPLATEK MESICNE",1997-03-20
305,34,"POPLATEK MESICNE",1996-10-18
306,16,"POPLATEK MESICNE",1993-06-08
307,26,"POPLATEK MESICNE",1997-08-07
308,61,"POPLATEK MESICNE",1995-10-16
309,14,"POPLATEK MESICNE",1997-04-25
311,50,"POPLATEK MESICNE",1997-08-08
312,41,"POPLATEK MESICNE",1996-01-03
313,73,"POPLATEK MESICNE",1996-07-06
314,15,"POPLATEK PO OBRATU",1996-01-26
315,45,"POPLATEK MESICNE",1997-12-08
316,62,"POPLATEK MESICNE",1997-05-08
317,76,"POPLATEK MESICNE",1993-03-10
318,36,"POPLATEK MESICNE",1994-09-16
319,47,"POPLATEK TYDNE",1995-10-17
320,47,"POPLATEK MESICNE",1997-01-23
321,47,"POPLATEK MESICNE",1993-11-11
322,1,"POPLATEK MESICNE",1993-02-20
323,52,"POPLATEK MESICNE",1997-02-23
324,1,"POPLATEK MESICNE",1996-08-23
325,75,"POPLATEK MESICNE",1996-10-06
326,61,"POPLATEK MESICNE",1997-08-06
327,54,"POPLATEK MESICNE",1993-06-02
328,1,"POPLATEK MESICNE",1997-09-18
329,3,"POPLATEK MESICNE",1996-10-19
330,42,"POPLATEK MESICNE",1996-11-24
331,65,"POPLATEK MESICNE",1995-10-02
332,36,"POPLATEK MESICNE",1996-01-12
333,73,"POPLATEK MESICNE",1996-12-23
334,1,"POPLATEK MESICNE",1993-05-24
335,74,"POPLATEK MESICNE",1996-01-20
336,62,"POPLATEK MESICNE",1995-10-16
337,17,"POPLATEK MESICNE",1995-11-25
338,49,"POPLATEK MESICNE",1995-11-18
339,46,"POPLATEK TYDNE",1996-09-11
340,1,"POPLATEK MESICNE",1993-11-03
341,28,"POPLATEK MESICNE",1996-11-19
342,64,"POPLATEK MESICNE",1996-10-13
343,18,"POPLATEK MESICNE",1994-04-26
344,54,"POPLATEK MESICNE",1993-12-01
345,5,"POPLATEK MESICNE",1993-11-20
346,37,"POPLATEK MESICNE",1993-01-11
347,65,"POPLATEK MESICNE",1993-12-13
348,25,"POPLATEK MESICNE",1995-11-15
349,72,"POPLATEK MESICNE",1997-06-08
350,47,"POPLATEK MESICNE",1996-10-13
351,50,"POPLATEK MESICNE",1997-02-17
352,39,"POPLATEK MESICNE",1994-07-04
353,24,"POPLATEK MESICNE",1995-08-30
354,59,"POPLATEK MESICNE",1993-10-28
355,62,"POPLATEK TYDNE",1996-02-01
356,70,"POPLATEK MESICNE",1996-03-12
357,20,"POPLATEK MESICNE",1996-03-10
358,12,"POPLATEK MESICNE",1993-12-09
359,11,"POPLATEK MESICNE",1994-12-11
360,32,"POPLATEK MESICNE",1996-05-14
361,51,"POPLATEK MESICNE",1993-02-27
362,15,"POPLATEK MESICNE",1993-04-04
363,1,"POPLATEK MESICNE",1994-05-06
364,1,"POPLATEK MESICNE",1997-01-20
365,74,"POPLATEK MESICNE",1993-12-12
366,1,"POPLATEK MESICNE",1996-10-23
367,23,"POPLATEK MESICNE",1997-05-09
368,77,"POPLATEK MESICNE",1993-07-06
370,25,"POPLATEK MESICNE",1994-02-18
371,12,"POPLATEK MESICNE",1996-08-02
372,55,"POPLATEK MESICNE",1995-09-10
373,67,"POPLATEK MESICNE",1996-06-20
374,38,"POPLATEK MESICNE",1993-01-09
375,68,"POPLATEK MESICNE",1996-06-07
376,25,"POPLATEK MESICNE",1995-03-05
377,70,"POPLATEK MESICNE",1994-08-19
378,68,"POPLATEK MESICNE",1996-07-22
379,32,"POPLATEK MESICNE",1996-05-18
381,68,"POPLATEK MESICNE",1993-07-04
382,14,"POPLATEK MESICNE",1996-08-16
383,38,"POPLATEK MESICNE",1997-05-15
384,24,"POPLATEK TYDNE",1997-09-14
385,5,"POPLATEK MESICNE",1993-04-07
386,1,"POPLATEK MESICNE",1997-08-11
387,72,"POPLATEK MESICNE",1997-09-19
388,59,"POPLATEK MESICNE",1995-02-11
389,30,"POPLATEK MESICNE",1993-08-28
390,44,"POPLATEK MESICNE",1996-02-16
391,36,"POPLATEK MESICNE",1993-12-11
392,1,"POPLATEK MESICNE",1996-07-14
393,46,"POPLATEK MESICNE",1995-02-04
395,1,"POPLATEK MESICNE",1993-03-12
396,21,"POPLATEK MESICNE",1993-03-08
397,11,"POPLATEK MESICNE",1993-10-26
398,69,"POPLATEK MESICNE",1997-10-24
399,1,"POPLATEK MESICNE",1996-08-27
400,28,"POPLATEK MESICNE",1993-07-17
401,32,"POPLATEK MESICNE",1993-01-18
402,68,"POPLATEK MESICNE",1997-09-14
403,1,"POPLATEK MESICNE",1993-07-29
404,41,"POPLATEK MESICNE",1995-04-28
405,55,"POPLATEK MESICNE",1997-03-13
406,63,"POPLATEK MESICNE",1996-09-03
407,72,"POPLATEK TYDNE",1997-04-18
408,41,"POPLATEK MESICNE",1993-07-21
409,1,"POPLATEK MESICNE",1996-06-11
410,49,"POPLATEK MESICNE",1996-10-15
411,70,"POPLATEK MESICNE",1993-02-05
412,74,"POPLATEK MESICNE",1996-01-21
413,18,"POPLATEK MESICNE",1996-07-09
414,1,"POPLATEK MESICNE",1996-01-29
415,25,"POPLATEK MESICNE",1993-03-03
416,6,"POPLATEK MESICNE",1996-08-11
417,73,"POPLATEK MESICNE",1996-01-27
418,36,"POPLATEK MESICNE",1995-08-27
419,13,"POPLATEK MESICNE",1993-10-25
420,75,"POPLATEK MESICNE",1995-08-26
421,75,"POPLATEK MESICNE",1997-11-27
422,53,"POPLATEK TYDNE",1994-08-29
423,12,"POPLATEK MESICNE",1993-03-28
424,12,"POPLATEK MESICNE",1997-02-17
425,9,"POPLATEK MESICNE",1993-03-19
426,1,"POPLATEK MESICNE",1993-11-29
427,8,"POPLATEK MESICNE",1994-07-24
428,1,"POPLATEK MESICNE",1993-02-27
429,63,"POPLATEK MESICNE",1995-09-03
430,54,"POPLATEK MESICNE",1995-09-02
431,18,"POPLATEK MESICNE",1996-11-05
432,46,"POPLATEK MESICNE",1993-06-16
433,20,"POPLATEK MESICNE",1993-06-12
434,1,"POPLATEK MESICNE",1996-12-24
435,38,"POPLATEK MESICNE",1993-01-08
436,30,"POPLATEK MESICNE",1996-08-07
437,43,"POPLATEK MESICNE",1993-12-03
438,37,"POPLATEK MESICNE",1997-06-23
439,69,"POPLATEK MESICNE",1996-04-15
440,29,"POPLATEK MESICNE",1996-12-22
441,27,"POPLATEK TYDNE",1993-12-17
442,54,"POPLATEK MESICNE",1997-03-30
443,64,"POPLATEK MESICNE",1993-01-28
444,26,"POPLATEK MESICNE",1996-05-09
445,63,"POPLATEK TYDNE",1993-07-29
446,50,"POPLATEK MESICNE",1993-06-15
447,5,"POPLATEK MESICNE",1996-08-14
449,19,"POPLATEK MESICNE",1994-11-22
450,59,"POPLATEK MESICNE",1996-05-28
451,11,"POPLATEK MESICNE",1994-05-05
452,63,"POPLATEK MESICNE",1995-11-29
453,75,"POPLATEK MESICNE",1997-04-24
454,7,"POPLATEK MESICNE",1995-05-07
455,54,"POPLATEK MESICNE",1995-04-23
456,49,"POPLATEK MESICNE",1993-01-21
458,7,"POPLATEK MESICNE",1995-06-16
459,47,"POPLATEK MESICNE",1993-01-21
460,1,"POPLATEK MESICNE",1994-04-18
461,30,"POPLATEK MESICNE",1993-02-18
462,29,"POPLATEK MESICNE",1993-11-10
463,51,"POPLATEK MESICNE",1995-05-08
464,43,"POPLATEK MESICNE",1997-05-28
465,32,"POPLATEK MESICNE",1993-02-04
466,71,"POPLATEK MESICNE",1996-02-18
467,74,"POPLATEK MESICNE",1993-09-24
468,49,"POPLATEK MESICNE",1996-03-19
469,72,"POPLATEK MESICNE",1997-07-14
470,64,"POPLATEK MESICNE",1994-03-23
471,47,"POPLATEK MESICNE",1995-06-07
472,8,"POPLATEK MESICNE",1996-10-11
473,73,"POPLATEK MESICNE",1996-10-20
474,61,"POPLATEK MESICNE",1995-12-06
475,3,"POPLATEK MESICNE",1997-05-11
476,69,"POPLATEK MESICNE",1997-04-11
477,1,"POPLATEK MESICNE",1993-01-25
478,58,"POPLATEK MESICNE",1994-07-16
479,1,"POPLATEK MESICNE",1995-11-05
480,23,"POPLATEK MESICNE",1997-01-21
481,72,"POPLATEK MESICNE",1996-04-23
483,70,"POPLATEK MESICNE",1997-07-15
484,1,"POPLATEK MESICNE",1995-01-20
485,6,"POPLATEK PO OBRATU",1993-01-04
486,33,"POPLATEK MESICNE",1995-11-21
487,40,"POPLATEK MESICNE",1995-11-14
488,25,"POPLATEK MESICNE",1996-06-20
489,16,"POPLATEK MESICNE",1993-05-17
490,45,"POPLATEK MESICNE",1995-05-23
491,44,"POPLATEK MESICNE",1996-05-12
492,5,"POPLATEK MESICNE",1993-10-10
493,26,"POPLATEK MESICNE",1994-04-05
494,60,"POPLATEK MESICNE",1993-03-11
496,69,"POPLATEK MESICNE",1993-02-26
497,55,"POPLATEK MESICNE",1993-04-15
498,1,"POPLATEK MESICNE",1993-11-21
500,56,"POPLATEK MESICNE",1996-04-27
501,13,"POPLATEK MESICNE",1995-10-21
502,1,"POPLATEK MESICNE",1997-10-13
503,1,"POPLATEK MESICNE",1996-08-08
504,73,"POPLATEK MESICNE",1993-04-21
505,64,"POPLATEK MESICNE",1996-12-16
506,67,"POPLATEK MESICNE",1996-07-08
507,52,"POPLATEK MESICNE",1996-06-17
508,74,"POPLATEK MESICNE",1996-11-19
509,36,"POPLATEK MESICNE",1997-08-14
510,1,"POPLATEK TYDNE",1993-06-02
511,14,"POPLATEK MESICNE",1996-11-10
512,68,"POPLATEK MESICNE",1997-01-14
513,58,"POPLATEK MESICNE",1996-11-21
514,70,"POPLATEK MESICNE",1996-03-30
515,57,"POPLATEK MESICNE",1995-02-09
516,6,"POPLATEK MESICNE",1996-02-08
517,76,"POPLATEK MESICNE",1993-09-22
518,74,"POPLATEK MESICNE",1994-09-09
519,24,"POPLATEK MESICNE",1993-11-12
520,60,"POPLATEK MESICNE",1993-11-04
521,9,"POPLATEK MESICNE",1995-10-08
522,17,"POPLATEK MESICNE",1995-12-20
523,1,"POPLATEK MESICNE",1993-08-11
524,61,"POPLATEK MESICNE",1994-05-03
525,70,"POPLATEK MESICNE",1996-03-20
526,67,"POPLATEK MESICNE",1996-07-16
528,17,"POPLATEK MESICNE",1996-12-30
529,39,"POPLATEK MESICNE",1997-08-18
530,54,"POPLATEK MESICNE",1996-11-19
531,31,"POPLATEK MESICNE",1995-08-18
532,26,"POPLATEK MESICNE",1995-09-02
533,40,"POPLATEK MESICNE",1995-05-07
534,1,"POPLATEK MESICNE",1997-05-26
535,35,"POPLATEK MESICNE",1994-05-24
536,14,"POPLATEK MESICNE",1996-10-13
537,34,"POPLATEK MESICNE",1997-01-08
538,70,"POPLATEK MESICNE",1994-06-07
539,13,"POPLATEK PO OBRATU",1993-02-16
540,75,"POPLATEK MESICNE",1993-10-16
541,61,"POPLATEK MESICNE",1993-08-12
542,1,"POPLATEK MESICNE",1993-11-01
543,64,"POPLATEK MESICNE",1994-05-03
544,32,"POPLATEK MESICNE",1995-05-15
545,54,"POPLATEK MESICNE",1993-11-24
546,8,"POPLATEK MESICNE",1996-11-23
547,24,"POPLATEK MESICNE",1997-07-27
548,16,"POPLATEK MESICNE",1994-06-07
549,5,"POPLATEK MESICNE",1996-11-27
550,24,"POPLATEK MESICNE",1997-10-17
551,77,"POPLATEK MESICNE",1993-05-07
552,14,"POPLATEK MESICNE",1993-08-20
553,26,"POPLATEK MESICNE",1995-06-06
554,26,"POPLATEK MESICNE",1996-01-26
555,24,"POPLATEK MESICNE",1993-05-15
556,12,"POPLATEK MESICNE",1997-06-26
557,1,"POPLATEK MESICNE",1995-11-26
558,10,"POPLATEK MESICNE",1996-06-15
559,46,"POPLATEK MESICNE",1993-03-05
560,36,"POPLATEK MESICNE",1995-08-20
561,11,"POPLATEK MESICNE",1996-12-12
562,50,"POPLATEK MESICNE",1993-02-25
563,53,"POPLATEK MESICNE",1993-07-27
564,5,"POPLATEK MESICNE",1997-12-23
565,39,"POPLATEK MESICNE",1995-11-25
566,8,"POPLATEK MESICNE",1997-11-13
567,15,"POPLATEK MESICNE",1996-06-19
568,18,"POPLATEK MESICNE",1995-03-28
569,76,"POPLATEK MESICNE",1996-10-01
570,3,"POPLATEK MESICNE",1996-11-14
571,72,"POPLATEK MESICNE",1996-07-16
572,32,"POPLATEK MESICNE",1994-03-27
573,1,"POPLATEK TYDNE",1996-07-11
574,70,"POPLATEK MESICNE",1993-07-30
575,38,"POPLATEK MESICNE",1994-04-26
576,55,"POPLATEK MESICNE",1993-01-01
577,29,"POPLATEK MESICNE",1994-09-20
578,28,"POPLATEK TYDNE",1997-03-21
579,1,"POPLATEK MESICNE",1997-12-16
580,75,"POPLATEK MESICNE",1996-05-20
581,26,"POPLATEK MESICNE",1996-10-13
582,12,"POPLATEK MESICNE",1994-08-05
584,31,"POPLATEK MESICNE",1996-07-14
585,4,"POPLATEK MESICNE",1997-09-04
586,54,"POPLATEK MESICNE",1995-03-16
587,19,"POPLATEK MESICNE",1996-06-21
588,66,"POPLATEK MESICNE",1993-03-14
589,1,"POPLATEK MESICNE",1997-04-26
590,50,"POPLATEK MESICNE",1996-02-24
591,1,"POPLATEK MESICNE",1997-08-12
592,23,"POPLATEK MESICNE",1996-12-27
593,48,"POPLATEK MESICNE",1996-07-16
594,54,"POPLATEK MESICNE",1994-12-09
595,20,"POPLATEK MESICNE",1996-12-21
596,31,"POPLATEK MESICNE",1994-10-13
597,41,"POPLATEK MESICNE",1993-12-05
598,1,"POPLATEK MESICNE",1997-02-08
599,54,"POPLATEK MESICNE",1996-12-04
600,46,"POPLATEK MESICNE",1997-03-13
601,29,"POPLATEK MESICNE",1993-08-04
602,43,"POPLATEK MESICNE",1995-10-27
603,62,"POPLATEK MESICNE",1996-06-11
604,12,"POPLATEK MESICNE",1993-11-26
605,65,"POPLATEK MESICNE",1997-02-04
606,75,"POPLATEK MESICNE",1997-11-04
607,16,"POPLATEK MESICNE",1995-02-17
608,32,"POPLATEK MESICNE",1995-03-27
609,63,"POPLATEK MESICNE",1994-05-15
610,74,"POPLATEK MESICNE",1994-08-11
611,46,"POPLATEK MESICNE",1997-07-21
612,1,"POPLATEK MESICNE",1996-05-27
613,74,"POPLATEK PO OBRATU",1996-08-10
614,25,"POPLATEK MESICNE",1997-06-07
615,72,"POPLATEK MESICNE",1996-04-09
616,43,"POPLATEK MESICNE",1993-10-14
617,74,"POPLATEK MESICNE",1996-08-23
618,1,"POPLATEK MESICNE",1996-10-02
619,1,"POPLATEK TYDNE",1995-09-09
620,26,"POPLATEK MESICNE",1996-02-18
621,52,"POPLATEK MESICNE",1996-06-01
622,24,"POPLATEK MESICNE",1997-06-22
623,1,"POPLATEK MESICNE",1993-03-24
624,70,"POPLATEK MESICNE",1993-10-11
625,70,"POPLATEK MESICNE",1995-07-12
626,72,"POPLATEK MESICNE",1993-11-11
627,63,"POPLATEK MESICNE",1993-02-05
628,72,"POPLATEK MESICNE",1994-01-03
629,31,"POPLATEK MESICNE",1994-07-25
630,71,"POPLATEK MESICNE",1993-06-29
631,68,"POPLATEK MESICNE",1996-03-25
632,29,"POPLATEK MESICNE",1996-05-14
633,57,"POPLATEK MESICNE",1995-12-06
635,21,"POPLATEK MESICNE",1994-08-21
636,75,"POPLATEK MESICNE",1997-04-24
637,49,"POPLATEK MESICNE",1996-08-27
638,65,"POPLATEK MESICNE",1995-06-28
639,1,"POPLATEK MESICNE",1997-11-03
640,32,"POPLATEK MESICNE",1993-06-02
641,40,"POPLATEK MESICNE",1997-06-22
643,64,"POPLATEK MESICNE",1997-10-28
644,4,"POPLATEK MESICNE",1997-11-06
645,70,"POPLATEK MESICNE",1997-08-21
646,51,"POPLATEK MESICNE",1996-01-06
647,1,"POPLATEK MESICNE",1997-04-28
648,13,"POPLATEK MESICNE",1993-11-09
649,69,"POPLATEK TYDNE",1994-05-17
650,3,"POPLATEK MESICNE",1995-01-28
651,72,"POPLATEK MESICNE",1993-11-28
652,21,"POPLATEK MESICNE",1993-01-05
653,27,"POPLATEK MESICNE",1997-08-19
654,63,"POPLATEK MESICNE",1994-10-16
655,53,"POPLATEK MESICNE",1993-03-24
656,3,"POPLATEK MESICNE",1996-08-18
657,47,"POPLATEK MESICNE",1993-08-08
658,4,"POPLATEK MESICNE",1996-01-10
659,63,"POPLATEK MESICNE",1996-12-14
660,68,"POPLATEK MESICNE",1996-01-20
662,21,"POPLATEK MESICNE",1994-07-18
664,1,"POPLATEK MESICNE",1996-12-08
665,8,"POPLATEK MESICNE",1995-09-03
666,27,"POPLATEK MESICNE",1996-03-15
669,35,"POPLATEK MESICNE",1996-06-07
671,60,"POPLATEK MESICNE",1997-10-29
672,53,"POPLATEK MESICNE",1997-06-23
673,31,"POPLATEK MESICNE",1997-12-08
674,49,"POPLATEK MESICNE",1995-09-02
675,58,"POPLATEK MESICNE",1995-08-03
676,39,"POPLATEK MESICNE",1995-09-22
677,70,"POPLATEK MESICNE",1997-09-13
678,17,"POPLATEK MESICNE",1993-10-08
679,22,"POPLATEK MESICNE",1997-07-12
680,17,"POPLATEK MESICNE",1997-07-18
682,54,"POPLATEK MESICNE",1997-06-08
683,74,"POPLATEK MESICNE",1996-07-22
684,49,"POPLATEK MESICNE",1996-05-12
685,37,"POPLATEK TYDNE",1995-01-04
686,41,"POPLATEK MESICNE",1993-04-04
687,27,"POPLATEK MESICNE",1996-06-02
688,74,"POPLATEK MESICNE",1993-11-25
689,1,"POPLATEK MESICNE",1996-04-24
690,10,"POPLATEK MESICNE",1996-07-11
691,24,"POPLATEK MESICNE",1996-02-21
692,69,"POPLATEK MESICNE",1996-10-02
693,2,"POPLATEK MESICNE",1994-06-06
694,67,"POPLATEK MESICNE",1996-09-04
695,5,"POPLATEK MESICNE",1996-04-21
696,54,"POPLATEK MESICNE",1997-11-09
697,28,"POPLATEK MESICNE",1993-02-23
698,71,"POPLATEK MESICNE",1996-09-29
699,1,"POPLATEK MESICNE",1993-09-17
700,20,"POPLATEK MESICNE",1994-06-01
701,69,"POPLATEK MESICNE",1993-06-08
702,12,"POPLATEK MESICNE",1993-06-23
703,54,"POPLATEK MESICNE",1997-12-21
704,55,"POPLATEK MESICNE",1993-01-01
705,35,"POPLATEK MESICNE",1997-07-14
706,49,"POPLATEK MESICNE",1996-05-07
708,26,"POPLATEK MESICNE",1996-03-30
709,19,"POPLATEK MESICNE",1994-07-25
710,25,"POPLATEK MESICNE",1994-09-02
711,70,"POPLATEK MESICNE",1994-07-06
712,72,"POPLATEK MESICNE",1996-12-01
713,58,"POPLATEK MESICNE",1996-10-15
714,23,"POPLATEK MESICNE",1996-11-04
715,32,"POPLATEK MESICNE",1996-08-08
716,47,"POPLATEK MESICNE",1994-09-25
717,75,"POPLATEK MESICNE",1993-04-24
718,1,"POPLATEK MESICNE",1996-03-03
719,30,"POPLATEK MESICNE",1993-12-21
720,54,"POPLATEK MESICNE",1995-07-20
721,76,"POPLATEK MESICNE",1993-08-29
722,38,"POPLATEK PO OBRATU",1997-05-04
725,70,"POPLATEK MESICNE",1996-07-08
726,76,"POPLATEK MESICNE",1994-02-03
727,35,"POPLATEK MESICNE",1997-12-25
728,60,"POPLATEK MESICNE",1995-11-28
729,14,"POPLATEK MESICNE",1997-02-15
730,4,"POPLATEK MESICNE",1993-08-28
731,5,"POPLATEK MESICNE",1995-07-11
732,38,"POPLATEK MESICNE",1996-06-07
733,49,"POPLATEK TYDNE",1995-05-17
734,5,"POPLATEK MESICNE",1996-04-08
735,70,"POPLATEK MESICNE",1997-09-17
736,75,"POPLATEK MESICNE",1997-12-07
737,34,"POPLATEK MESICNE",1993-12-08
738,34,"POPLATEK MESICNE",1993-06-21
739,66,"POPLATEK MESICNE",1996-03-18
740,28,"POPLATEK MESICNE",1994-04-04
741,54,"POPLATEK MESICNE",1994-07-14
742,77,"POPLATEK MESICNE",1994-01-28
743,10,"POPLATEK MESICNE",1993-11-05
744,42,"POPLATEK MESICNE",1993-03-06
745,43,"POPLATEK MESICNE",1997-10-09
746,75,"POPLATEK MESICNE",1995-05-10
747,39,"POPLATEK MESICNE",1993-08-09
748,10,"POPLATEK MESICNE",1993-04-08
749,38,"POPLATEK MESICNE",1997-03-23
750,73,"POPLATEK MESICNE",1993-09-12
751,3,"POPLATEK MESICNE",1993-05-12
752,23,"POPLATEK MESICNE",1997-01-10
753,31,"POPLATEK MESICNE",1996-08-14
754,1,"POPLATEK MESICNE",1995-06-08
755,38,"POPLATEK MESICNE",1997-09-27
756,65,"POPLATEK MESICNE",1995-01-13
757,50,"POPLATEK MESICNE",1993-07-19
758,51,"POPLATEK MESICNE",1997-12-19
759,23,"POPLATEK MESICNE",1993-08-01
760,1,"POPLATEK MESICNE",1997-05-24
761,43,"POPLATEK MESICNE",1994-04-09
762,76,"POPLATEK MESICNE",1995-10-18
763,1,"POPLATEK MESICNE",1995-02-23
764,1,"POPLATEK MESICNE",1993-01-08
765,12,"POPLATEK MESICNE",1996-12-20
766,3,"POPLATEK MESICNE",1996-04-21
767,25,"POPLATEK MESICNE",1995-03-26
768,26,"POPLATEK MESICNE",1997-07-03
770,7,"POPLATEK MESICNE",1996-09-24
771,22,"POPLATEK MESICNE",1996-01-22
772,45,"POPLATEK MESICNE",1993-01-21
773,15,"POPLATEK MESICNE",1993-06-19
774,1,"POPLATEK MESICNE",1993-06-08
775,1,"POPLATEK MESICNE",1994-12-18
776,66,"POPLATEK MESICNE",1996-05-18
777,30,"POPLATEK MESICNE",1997-12-28
778,68,"POPLATEK MESICNE",1996-10-26
779,16,"POPLATEK MESICNE",1996-08-13
780,3,"POPLATEK MESICNE",1996-04-26
781,33,"POPLATEK MESICNE",1995-02-19
782,42,"POPLATEK MESICNE",1997-10-30
783,1,"POPLATEK MESICNE",1997-09-08
784,59,"POPLATEK MESICNE",1994-04-19
785,21,"POPLATEK TYDNE",1997-08-09
786,53,"POPLATEK MESICNE",1995-08-12
787,10,"POPLATEK MESICNE",1993-11-14
788,12,"POPLATEK MESICNE",1996-06-25
789,39,"POPLATEK MESICNE",1995-02-06
790,54,"POPLATEK MESICNE",1993-05-11
791,49,"POPLATEK MESICNE",1995-12-14
792,3,"POPLATEK MESICNE",1997-08-13
793,47,"POPLATEK MESICNE",1993-01-03
794,63,"POPLATEK MESICNE",1997-04-24
795,25,"POPLATEK MESICNE",1995-01-27
796,1,"POPLATEK MESICNE",1997-02-13
797,57,"POPLATEK MESICNE",1996-11-20
798,1,"POPLATEK MESICNE",1996-04-22
799,56,"POPLATEK MESICNE",1993-10-10
800,11,"POPLATEK MESICNE",1997-12-06
801,16,"POPLATEK MESICNE",1997-07-23
802,15,"POPLATEK MESICNE",1994-12-20
803,19,"POPLATEK MESICNE",1995-09-09
804,64,"POPLATEK MESICNE",1996-02-06
805,10,"POPLATEK MESICNE",1996-12-02
806,13,"POPLATEK MESICNE",1996-10-29
807,76,"POPLATEK TYDNE",1995-06-13
808,69,"POPLATEK MESICNE",1995-06-13
809,36,"POPLATEK MESICNE",1995-12-20
810,46,"POPLATEK MESICNE",1995-11-11
811,14,"POPLATEK TYDNE",1997-08-01
812,1,"POPLATEK MESICNE",1996-08-30
813,16,"POPLATEK MESICNE",1993-02-10
814,76,"POPLATEK MESICNE",1996-10-06
815,56,"POPLATEK MESICNE",1993-08-25
816,52,"POPLATEK MESICNE",1993-08-05
817,5,"POPLATEK MESICNE",1994-03-18
819,20,"POPLATEK MESICNE",1995-04-22
820,74,"POPLATEK MESICNE",1995-11-04
821,60,"POPLATEK MESICNE",1996-03-16
822,40,"POPLATEK MESICNE",1996-10-04
823,71,"POPLATEK MESICNE",1997-09-19
824,32,"POPLATEK MESICNE",1996-03-21
825,19,"POPLATEK MESICNE",1996-03-06
826,44,"POPLATEK MESICNE",1996-10-05
827,36,"POPLATEK MESICNE",1996-02-23
828,1,"POPLATEK MESICNE",1997-02-12
829,59,"POPLATEK MESICNE",1996-11-10
830,74,"POPLATEK MESICNE",1993-02-08
831,44,"POPLATEK MESICNE",1996-09-18
832,42,"POPLATEK MESICNE",1996-05-24
833,31,"POPLATEK MESICNE",1996-08-29
834,3,"POPLATEK MESICNE",1997-05-23
836,46,"POPLATEK MESICNE",1996-07-28
837,46,"POPLATEK MESICNE",1993-09-18
838,47,"POPLATEK MESICNE",1993-10-23
839,16,"POPLATEK MESICNE",1995-01-17
840,70,"POPLATEK MESICNE",1996-03-12
841,1,"POPLATEK MESICNE",1993-11-04
842,62,"POPLATEK MESICNE",1995-04-07
843,6,"POPLATEK MESICNE",1997-04-09
844,53,"POPLATEK MESICNE",1994-04-28
845,14,"POPLATEK MESICNE",1997-12-27
846,72,"POPLATEK MESICNE",1996-03-09
847,2,"POPLATEK MESICNE",1996-07-21
848,31,"POPLATEK MESICNE",1996-06-16
849,1,"POPLATEK MESICNE",1996-01-01
850,25,"POPLATEK MESICNE",1997-03-07
851,15,"POPLATEK MESICNE",1994-09-23
852,57,"POPLATEK MESICNE",1997-10-23
853,1,"POPLATEK MESICNE",1996-03-20
854,62,"POPLATEK MESICNE",1993-09-21
855,1,"POPLATEK MESICNE",1994-03-28
856,2,"POPLATEK MESICNE",1996-03-03
857,77,"POPLATEK MESICNE",1993-09-16
858,52,"POPLATEK MESICNE",1996-07-13
859,13,"POPLATEK MESICNE",1997-08-26
860,1,"POPLATEK MESICNE",1993-03-19
861,22,"POPLATEK MESICNE",1993-09-13
862,64,"POPLATEK TYDNE",1993-02-02
863,71,"POPLATEK MESICNE",1993-05-16
864,72,"POPLATEK MESICNE",1997-07-08
865,17,"POPLATEK MESICNE",1996-03-18
866,9,"POPLATEK MESICNE",1993-01-10
867,60,"POPLATEK MESICNE",1997-11-09
868,1,"POPLATEK MESICNE",1997-05-26
869,16,"POPLATEK MESICNE",1996-07-15
870,70,"POPLATEK MESICNE",1995-03-27
871,1,"POPLATEK MESICNE",1996-09-02
872,27,"POPLATEK MESICNE",1997-01-18
873,73,"POPLATEK MESICNE",1997-04-26
874,56,"POPLATEK TYDNE",1996-03-23
875,63,"POPLATEK MESICNE",1995-05-17
876,4,"POPLATEK MESICNE",1997-10-26
877,1,"POPLATEK MESICNE",1996-05-29
878,52,"POPLATEK MESICNE",1996-06-29
879,9,"POPLATEK MESICNE",1997-06-04
880,26,"POPLATEK MESICNE",1996-12-08
882,9,"POPLATEK MESICNE",1993-03-06
883,1,"POPLATEK MESICNE",1993-12-17
884,2,"POPLATEK MESICNE",1993-12-07
885,1,"POPLATEK MESICNE",1993-06-25
886,1,"POPLATEK MESICNE",1993-06-23
887,1,"POPLATEK MESICNE",1993-05-05
888,54,"POPLATEK MESICNE",1996-10-28
889,43,"POPLATEK MESICNE",1997-12-22
890,14,"POPLATEK MESICNE",1993-02-05
891,34,"POPLATEK MESICNE",1996-05-23
892,70,"POPLATEK MESICNE",1993-03-20
893,53,"POPLATEK MESICNE",1995-04-12
894,46,"POPLATEK MESICNE",1995-08-27
895,24,"POPLATEK MESICNE",1996-03-12
896,3,"POPLATEK MESICNE",1995-06-11
897,38,"POPLATEK MESICNE",1993-04-26
898,71,"POPLATEK MESICNE",1996-03-27
899,72,"POPLATEK MESICNE",1993-06-21
900,48,"POPLATEK MESICNE",1994-04-26
901,60,"POPLATEK MESICNE",1994-07-10
902,74,"POPLATEK MESICNE",1993-06-29
903,47,"POPLATEK MESICNE",1993-12-10
904,1,"POPLATEK MESICNE",1994-03-20
905,35,"POPLATEK MESICNE",1996-12-11
906,59,"POPLATEK MESICNE",1997-12-27
907,41,"POPLATEK MESICNE",1993-07-09
908,62,"POPLATEK MESICNE",1994-04-29
909,30,"POPLATEK MESICNE",1997-09-02
910,1,"POPLATEK MESICNE",1997-02-03
911,60,"POPLATEK MESICNE",1996-08-12
912,65,"POPLATEK MESICNE",1997-04-27
913,59,"POPLATEK MESICNE",1996-05-10
914,73,"POPLATEK MESICNE",1993-11-14
915,72,"POPLATEK MESICNE",1995-01-18
916,1,"POPLATEK MESICNE",1996-08-13
917,56,"POPLATEK MESICNE",1995-10-13
918,60,"POPLATEK MESICNE",1996-08-23
919,62,"POPLATEK MESICNE",1997-03-03
920,58,"POPLATEK MESICNE",1996-09-05
921,10,"POPLATEK MESICNE",1996-10-08
922,61,"POPLATEK MESICNE",1995-04-27
923,13,"POPLATEK MESICNE",1996-02-07
924,11,"POPLATEK MESICNE",1995-12-09
925,59,"POPLATEK MESICNE",1993-02-23
926,36,"POPLATEK MESICNE",1996-11-01
927,69,"POPLATEK MESICNE",1997-04-12
928,20,"POPLATEK MESICNE",1993-04-26
929,54,"POPLATEK MESICNE",1993-07-03
930,41,"POPLATEK MESICNE",1993-08-03
931,59,"POPLATEK MESICNE",1993-10-15
932,20,"POPLATEK MESICNE",1996-07-08
933,21,"POPLATEK MESICNE",1995-11-18
934,9,"POPLATEK MESICNE",1997-11-27
935,23,"POPLATEK MESICNE",1996-12-25
936,7,"POPLATEK MESICNE",1996-03-02
937,43,"POPLATEK MESICNE",1995-08-26
938,70,"POPLATEK MESICNE",1997-12-13
939,55,"POPLATEK MESICNE",1994-10-04
940,37,"POPLATEK MESICNE",1994-11-15
941,8,"POPLATEK MESICNE",1994-06-08
942,9,"POPLATEK MESICNE",1993-08-16
943,1,"POPLATEK MESICNE",1993-02-03
944,70,"POPLATEK MESICNE",1993-03-08
945,18,"POPLATEK MESICNE",1996-08-16
946,21,"POPLATEK MESICNE",1996-01-01
947,59,"POPLATEK MESICNE",1993-05-17
949,58,"POPLATEK MESICNE",1996-02-13
950,49,"POPLATEK MESICNE",1993-08-26
951,3,"POPLATEK MESICNE",1996-04-28
952,41,"POPLATEK MESICNE",1997-11-09
953,14,"POPLATEK MESICNE",1995-07-22
954,74,"POPLATEK MESICNE",1996-01-08
955,59,"POPLATEK MESICNE",1996-07-08
956,74,"POPLATEK MESICNE",1993-12-05
957,70,"POPLATEK MESICNE",1995-12-22
958,72,"POPLATEK MESICNE",1996-06-06
959,1,"POPLATEK MESICNE",1996-02-23
960,4,"POPLATEK PO OBRATU",1994-11-02
961,1,"POPLATEK MESICNE",1997-10-18
962,64,"POPLATEK MESICNE",1996-06-24
963,7,"POPLATEK MESICNE",1996-08-09
964,26,"POPLATEK MESICNE",1994-07-08
965,20,"POPLATEK MESICNE",1993-08-25
966,15,"POPLATEK MESICNE",1997-10-14
967,15,"POPLATEK MESICNE",1996-08-17
968,74,"POPLATEK MESICNE",1995-11-11
969,19,"POPLATEK MESICNE",1994-01-08
970,18,"POPLATEK MESICNE",1997-07-20
971,12,"POPLATEK MESICNE",1996-07-18
972,46,"POPLATEK MESICNE",1996-09-29
973,54,"POPLATEK MESICNE",1994-11-05
974,29,"POPLATEK MESICNE",1994-02-25
975,1,"POPLATEK MESICNE",1996-10-19
976,77,"POPLATEK MESICNE",1996-01-27
977,1,"POPLATEK MESICNE",1993-04-26
978,73,"POPLATEK MESICNE",1993-08-18
979,21,"POPLATEK MESICNE",1993-02-16
980,1,"POPLATEK MESICNE",1996-12-11
981,66,"POPLATEK MESICNE",1995-03-25
982,54,"POPLATEK MESICNE",1993-02-05
984,2,"POPLATEK MESICNE",1996-07-10
985,32,"POPLATEK MESICNE",1994-05-29
986,74,"POPLATEK MESICNE",1996-05-02
987,15,"POPLATEK MESICNE",1996-08-27
988,10,"POPLATEK MESICNE",1994-10-22
989,19,"POPLATEK MESICNE",1994-03-14
990,17,"POPLATEK MESICNE",1995-10-11
991,39,"POPLATEK MESICNE",1993-05-18
992,22,"POPLATEK MESICNE",1995-10-01
993,6,"POPLATEK MESICNE",1996-11-14
994,72,"POPLATEK MESICNE",1995-09-15
995,64,"POPLATEK MESICNE",1995-08-23
996,47,"POPLATEK MESICNE",1997-08-18
997,54,"POPLATEK MESICNE",1997-05-08
998,47,"POPLATEK MESICNE",1993-11-11
1000,77,"POPLATEK MESICNE",1993-01-25
1002,50,"POPLATEK MESICNE",1996-09-17
1003,28,"POPLATEK MESICNE",1996-10-10
1004,70,"POPLATEK MESICNE",1996-07-02
1005,54,"POPLATEK TYDNE",1993-02-23
1006,6,"POPLATEK MESICNE",1993-02-08
1007,1,"POPLATEK MESICNE",1996-06-28
1008,13,"POPLATEK MESICNE",1996-10-05
1009,1,"POPLATEK TYDNE",1995-08-01
1010,61,"POPLATEK MESICNE",1995-05-01
1011,45,"POPLATEK MESICNE",1994-12-17
1012,65,"POPLATEK MESICNE",1994-07-09
1013,59,"POPLATEK MESICNE",1996-05-13
1014,74,"POPLATEK MESICNE",1996-03-20
1015,1,"POPLATEK MESICNE",1997-06-14
1016,40,"POPLATEK MESICNE",1993-09-29
1017,14,"POPLATEK MESICNE",1994-08-11
1018,7,"POPLATEK MESICNE",1993-06-03
1019,52,"POPLATEK MESICNE",1993-01-21
1020,56,"POPLATEK MESICNE",1996-04-09
1021,42,"POPLATEK MESICNE",1996-11-17
1022,33,"POPLATEK TYDNE",1994-08-01
1023,21,"POPLATEK MESICNE",1993-08-13
1024,19,"POPLATEK MESICNE",1997-05-02
1026,20,"POPLATEK MESICNE",1997-09-03
1027,68,"POPLATEK MESICNE",1997-07-18
1028,23,"POPLATEK MESICNE",1996-03-19
1029,26,"POPLATEK MESICNE",1996-06-25
1030,57,"POPLATEK MESICNE",1995-11-12
1031,74,"POPLATEK MESICNE",1995-06-20
1032,11,"POPLATEK MESICNE",1993-04-26
1033,32,"POPLATEK MESICNE",1997-08-05
1034,73,"POPLATEK MESICNE",1997-04-04
1035,73,"POPLATEK MESICNE",1997-04-18
1036,11,"POPLATEK MESICNE",1996-01-18
1037,1,"POPLATEK MESICNE",1997-02-18
1038,64,"POPLATEK MESICNE",1995-04-20
1039,70,"POPLATEK TYDNE",1993-05-10
1040,19,"POPLATEK MESICNE",1996-05-18
1042,43,"POPLATEK MESICNE",1994-04-03
1043,1,"POPLATEK MESICNE",1997-08-13
1044,14,"POPLATEK MESICNE",1995-11-09
1045,3,"POPLATEK MESICNE",1996-05-09
1046,1,"POPLATEK MESICNE",1995-04-14
1047,46,"POPLATEK MESICNE",1994-06-13
